{"extensionType":"field_faas","i18nMap":{"zh-CN":{"link":"笔记详情页链接","cookie":"Cookie（有 Cookie 数据更准确）","cookieTip":"请输入小红书 Cookie","title":"标题","author":"博主","content":"笔记内容","tags":"标签","likes":"点赞量","favorites":"收藏量","shares":"转发量","comments":"评论量","publishTime":"发布时间","lastUpdateTime":"最后更新时间","dataRetrievalTime":"数据获取时间"},"en-US":{"link":"Note Detail Page Link","cookie":"Cookie (More accurate with Cookie data)","cookieTip":"Please enter the Xiaohongshu Cookie","title":"Title","author":"Author","content":"Note Content","tags":"Tags","likes":"Likes","favorites":"Favorites","shares":"Shares","comments":"Comments","publishTime":"Publish Time","lastUpdateTime":"Last Update Time","dataRetrievalTime":"Data Retrieval Time"},"ja-JP":{"link":"ノート詳細ページリンク","cookie":"Cookie（Cookie データがあるとより正確）","cookieTip":"小紅書のCookieを入力してください","title":"タイトル","author":"ブロガー","content":"ノート内容","tags":"タグ","likes":"いいね数","favorites":"お気に入り数","shares":"シェア数","comments":"コメント数","publishTime":"公開時間","lastUpdateTime":"最終更新時間","dataRetrievalTime":"データ取得時間"}},"fields":[{"fieldType":25,"uiSchema":{"fieldsConfigEditor":{"component":"OpenFieldMetaEditor","props":{"schema":{"items":[{"key":"link","label":"${{link}}","component":"FieldSelect","props":{"supportType":[1,15]},"validator":{"required":true}},{"key":"cookie","label":"${{cookie}}","component":"Text","props":{"placeholder":"${{cookieTip}}"}}]}}}},"presetFieldConfig":{"fieldProperty":{"propertyType":25,"icon":{"light":"https://lf3-static.bytednsdoc.com/obj/eden-cn/eqgeh7upeubqnulog/chatbot.svg"},"properties":[{"key":"id","title":"id","hidden":true,"propertyType":1},{"key":"primaryProperty","title":"${{title}}","propertyType":1},{"key":"author","title":"${{author}}","propertyType":1},{"key":"content","title":"${{content}}","propertyType":1},{"key":"tags","title":"${{tags}}","propertyType":1},{"key":"likes","title":"${{likes}}","propertyType":2},{"key":"favorites","title":"${{favorites}}","propertyType":2},{"key":"shares","title":"${{shares}}","propertyType":2},{"key":"comments","title":"${{comments}}","propertyType":2},{"key":"publishTime","title":"${{publishTime}}","propertyType":1},{"key":"lastUpdateTime","title":"${{lastUpdateTime}}","propertyType":1},{"key":"dataRetrievalTime","title":"${{dataRetrievalTime}}","propertyType":1}]},"externalEditorConfig":{}}}]}